{"cameraMode":{"drawMode":0,"name":"Shaded","section":"Shading Mode"},"sceneLighting":false,"audioPlay":false,"sceneViewState":{"m_AlwaysRefresh":false,"showFog":true,"showSkybox":false,"showFlares":true,"showImageEffects":true,"showParticleSystems":true,"showVisualEffectGraphs":true,"m_FxEnabled":true},"in2DMode":false,"pivot":{"x":2.486936330795288,"y":8.2659912109375,"z":-0.2889556884765625},"rotation":{"x":0.028179584071040155,"y":-0.021892424672842027,"z":-0.0006182350916787982,"w":-0.9993535280227661},"size":9.130708694458008,"orthographic":false}